None,None,None,None,15:37:56,11/06/2023,Present
None,None,None,None,15:37:56,11/06/2023,Present
None,None,None,None,15:37:56,11/06/2023,Present
None,None,None,None,15:37:56,11/06/2023,Present
None,None,None,None,15:37:56,11/06/2023,Present
None,None,None,None,15:37:56,11/06/2023,Present
None,None,None,None,15:37:56,11/06/2023,Present
None,None,None,None,15:37:57,11/06/2023,Present
None,None,None,None,15:37:57,11/06/2023,Present
None,None,None,None,15:37:57,11/06/2023,Present
None,None,None,None,15:37:57,11/06/2023,Present
None,None,None,None,15:37:57,11/06/2023,Present
None,None,None,None,15:37:57,11/06/2023,Present
None,None,None,None,15:37:57,11/06/2023,Present
None,None,None,None,15:37:57,11/06/2023,Present
None,None,None,None,15:37:57,11/06/2023,Present
None,None,None,None,15:37:57,11/06/2023,Present
None,None,None,None,15:37:58,11/06/2023,Present
None,None,None,None,15:37:58,11/06/2023,Present
None,None,None,None,15:37:58,11/06/2023,Present
None,None,None,None,15:37:58,11/06/2023,Present
None,None,None,None,15:37:58,11/06/2023,Present
None,None,None,None,15:37:58,11/06/2023,Present
None,None,None,None,15:37:58,11/06/2023,Present
None,None,None,None,15:37:58,11/06/2023,Present
None,None,None,None,15:37:58,11/06/2023,Present
None,None,None,None,15:37:58,11/06/2023,Present
None,None,None,None,15:37:59,11/06/2023,Present
None,None,None,None,15:37:59,11/06/2023,Present
None,None,None,None,15:37:59,11/06/2023,Present
None,None,None,None,15:37:59,11/06/2023,Present
None,None,None,None,15:37:59,11/06/2023,Present
None,None,None,None,15:37:59,11/06/2023,Present
None,None,None,None,15:37:59,11/06/2023,Present
None,None,None,None,15:37:59,11/06/2023,Present
None,None,None,None,15:37:59,11/06/2023,Present
None,None,None,None,15:37:59,11/06/2023,Present
None,None,None,None,15:38:00,11/06/2023,Present
None,None,None,None,15:38:00,11/06/2023,Present
None,None,None,None,15:38:00,11/06/2023,Present
None,None,None,None,15:38:00,11/06/2023,Present
None,None,None,None,15:38:00,11/06/2023,Present
None,None,None,None,15:38:00,11/06/2023,Present
None,None,None,None,15:38:00,11/06/2023,Present
None,None,None,None,15:38:00,11/06/2023,Present
None,None,None,None,15:38:00,11/06/2023,Present
None,None,None,None,15:38:00,11/06/2023,Present
None,None,None,None,15:38:01,11/06/2023,Present
None,None,None,None,15:38:01,11/06/2023,Present
None,None,None,None,15:38:01,11/06/2023,Present
None,None,None,None,15:38:01,11/06/2023,Present
None,None,None,None,15:38:01,11/06/2023,Present
None,None,None,None,15:38:01,11/06/2023,Present
None,None,None,None,15:38:01,11/06/2023,Present
None,None,None,None,15:38:01,11/06/2023,Present
None,None,None,None,15:38:01,11/06/2023,Present
None,None,None,None,15:38:01,11/06/2023,Present
None,None,None,None,15:38:02,11/06/2023,Present
None,None,None,None,15:38:02,11/06/2023,Present
None,None,None,None,15:38:02,11/06/2023,Present
None,None,None,None,15:38:02,11/06/2023,Present
None,None,None,None,15:38:02,11/06/2023,Present
None,None,None,None,15:38:02,11/06/2023,Present
None,None,None,None,15:38:02,11/06/2023,Present
None,None,None,None,15:38:02,11/06/2023,Present
None,None,None,None,15:38:02,11/06/2023,Present
None,None,None,None,15:38:02,11/06/2023,Present
None,None,None,None,15:38:03,11/06/2023,Present
None,None,None,None,15:38:03,11/06/2023,Present
None,None,None,None,15:38:03,11/06/2023,Present
None,None,None,None,15:38:03,11/06/2023,Present
None,None,None,None,15:38:03,11/06/2023,Present
None,None,None,None,15:38:03,11/06/2023,Present
None,None,None,None,15:38:05,11/06/2023,Present
None,None,None,None,15:38:05,11/06/2023,Present
None,None,None,None,15:38:06,11/06/2023,Present
None,None,None,None,15:38:06,11/06/2023,Present
None,None,None,None,15:38:06,11/06/2023,Present
None,None,None,None,15:38:06,11/06/2023,Present
None,None,None,None,15:38:06,11/06/2023,Present
None,None,None,None,15:38:06,11/06/2023,Present
None,None,None,None,15:38:06,11/06/2023,Present
None,None,None,None,15:38:06,11/06/2023,Present
None,None,None,None,15:38:06,11/06/2023,Present
None,None,None,None,15:38:06,11/06/2023,Present
None,None,None,None,15:38:07,11/06/2023,Present
None,None,None,None,15:38:07,11/06/2023,Present
None,None,None,None,15:38:07,11/06/2023,Present
None,None,None,None,15:38:07,11/06/2023,Present
None,None,None,None,15:38:07,11/06/2023,Present
None,None,None,None,15:38:07,11/06/2023,Present
None,None,None,None,15:38:07,11/06/2023,Present
None,None,None,None,15:38:07,11/06/2023,Present
None,None,None,None,15:38:07,11/06/2023,Present
None,None,None,None,15:38:07,11/06/2023,Present
None,None,None,None,15:38:08,11/06/2023,Present
None,None,None,None,15:38:08,11/06/2023,Present
None,None,None,None,15:38:08,11/06/2023,Present
None,None,None,None,15:38:08,11/06/2023,Present
None,None,None,None,15:38:08,11/06/2023,Present
None,None,None,None,15:38:08,11/06/2023,Present
None,None,None,None,15:38:08,11/06/2023,Present
None,None,None,None,15:38:08,11/06/2023,Present
None,None,None,None,15:38:08,11/06/2023,Present
None,None,None,None,15:38:08,11/06/2023,Present
None,None,None,None,15:38:09,11/06/2023,Present
None,None,None,None,15:38:09,11/06/2023,Present
None,None,None,None,15:38:09,11/06/2023,Present
None,None,None,None,15:38:09,11/06/2023,Present
None,None,None,None,15:38:09,11/06/2023,Present
None,None,None,None,15:38:09,11/06/2023,Present
None,None,None,None,15:38:09,11/06/2023,Present
None,None,None,None,15:38:09,11/06/2023,Present
None,None,None,None,15:38:09,11/06/2023,Present
None,None,None,None,15:38:09,11/06/2023,Present
None,None,None,None,15:38:10,11/06/2023,Present
None,None,None,None,15:38:10,11/06/2023,Present
None,None,None,None,15:38:10,11/06/2023,Present
None,None,None,None,15:38:10,11/06/2023,Present
None,None,None,None,15:38:10,11/06/2023,Present
None,None,None,None,15:38:10,11/06/2023,Present
None,None,None,None,15:38:10,11/06/2023,Present
None,None,None,None,15:38:10,11/06/2023,Present
None,None,None,None,15:38:10,11/06/2023,Present
None,None,None,None,15:38:10,11/06/2023,Present
None,None,None,None,15:38:11,11/06/2023,Present
None,None,None,None,15:38:11,11/06/2023,Present
None,None,None,None,15:38:11,11/06/2023,Present
None,None,None,None,15:38:11,11/06/2023,Present
None,None,None,None,15:38:11,11/06/2023,Present
None,None,None,None,15:38:11,11/06/2023,Present
None,None,None,None,15:38:13,11/06/2023,Present
None,None,None,None,15:38:13,11/06/2023,Present
None,None,None,None,15:38:13,11/06/2023,Present
None,None,None,None,15:38:13,11/06/2023,Present
None,None,None,None,15:38:13,11/06/2023,Present
None,None,None,None,15:38:13,11/06/2023,Present
None,None,None,None,15:38:13,11/06/2023,Present
None,None,None,None,15:38:13,11/06/2023,Present
None,None,None,None,15:38:13,11/06/2023,Present
None,None,None,None,15:38:13,11/06/2023,Present
None,None,None,None,15:38:14,11/06/2023,Present
None,None,None,None,15:38:14,11/06/2023,Present
None,None,None,None,15:38:14,11/06/2023,Present
None,None,None,None,15:38:14,11/06/2023,Present
None,None,None,None,15:38:14,11/06/2023,Present
None,None,None,None,15:38:14,11/06/2023,Present
None,None,None,None,15:38:14,11/06/2023,Present
None,None,None,None,15:38:14,11/06/2023,Present
None,None,None,None,15:38:14,11/06/2023,Present
None,None,None,None,15:38:14,11/06/2023,Present
None,None,None,None,15:38:15,11/06/2023,Present
None,None,None,None,15:38:15,11/06/2023,Present
None,None,None,None,15:38:15,11/06/2023,Present
None,None,None,None,15:38:15,11/06/2023,Present
None,None,None,None,15:38:15,11/06/2023,Present
None,None,None,None,15:38:15,11/06/2023,Present
None,None,None,None,15:38:15,11/06/2023,Present
None,None,None,None,15:38:16,11/06/2023,Present
None,None,None,None,15:38:16,11/06/2023,Present
None,None,None,None,15:38:17,11/06/2023,Present
None,None,None,None,15:38:17,11/06/2023,Present
None,None,None,None,15:38:17,11/06/2023,Present
None,None,None,None,15:38:17,11/06/2023,Present
None,None,None,None,15:38:17,11/06/2023,Present
None,None,None,None,15:38:17,11/06/2023,Present
None,None,None,None,15:38:17,11/06/2023,Present
None,None,None,None,15:38:17,11/06/2023,Present
None,None,None,None,15:38:17,11/06/2023,Present
None,None,None,None,15:38:17,11/06/2023,Present
None,None,None,None,15:38:18,11/06/2023,Present
None,None,None,None,15:38:18,11/06/2023,Present
None,None,None,None,15:38:18,11/06/2023,Present
None,None,None,None,15:38:18,11/06/2023,Present
None,None,None,None,15:38:18,11/06/2023,Present
None,None,None,None,15:38:18,11/06/2023,Present
None,None,None,None,15:38:18,11/06/2023,Present
None,None,None,None,15:38:18,11/06/2023,Present
None,None,None,None,15:38:18,11/06/2023,Present
None,None,None,None,15:38:18,11/06/2023,Present
None,None,None,None,15:38:19,11/06/2023,Present
None,None,None,None,15:38:19,11/06/2023,Present
None,None,None,None,15:38:19,11/06/2023,Present
None,None,None,None,15:38:19,11/06/2023,Present
None,None,None,None,15:38:19,11/06/2023,Present
None,None,None,None,15:38:19,11/06/2023,Present
None,None,None,None,15:38:19,11/06/2023,Present
None,None,None,None,15:38:19,11/06/2023,Present
None,None,None,None,15:38:19,11/06/2023,Present
None,None,None,None,15:38:19,11/06/2023,Present
None,None,None,None,15:38:20,11/06/2023,Present
None,None,None,None,15:38:20,11/06/2023,Present
None,None,None,None,15:38:20,11/06/2023,Present
None,None,None,None,15:38:20,11/06/2023,Present
None,None,None,None,15:38:20,11/06/2023,Present
None,None,None,None,15:38:20,11/06/2023,Present
None,None,None,None,15:38:21,11/06/2023,Present
None,None,None,None,15:38:21,11/06/2023,Present
None,None,None,None,15:38:21,11/06/2023,Present
None,None,None,None,15:38:21,11/06/2023,Present
None,None,None,None,15:38:22,11/06/2023,Present
None,None,None,None,15:38:22,11/06/2023,Present
None,None,None,None,15:38:22,11/06/2023,Present
None,None,None,None,15:38:22,11/06/2023,Present
None,None,None,None,15:38:22,11/06/2023,Present
None,None,None,None,15:38:22,11/06/2023,Present
None,None,None,None,15:38:22,11/06/2023,Present
None,None,None,None,15:38:22,11/06/2023,Present
None,None,None,None,15:38:22,11/06/2023,Present
None,None,None,None,15:38:22,11/06/2023,Present
None,None,None,None,15:38:23,11/06/2023,Present
None,None,None,None,15:38:23,11/06/2023,Present
None,None,None,None,15:38:23,11/06/2023,Present
None,None,None,None,15:38:23,11/06/2023,Present
None,None,None,None,15:38:23,11/06/2023,Present
None,None,None,None,15:38:23,11/06/2023,Present
None,None,None,None,15:38:24,11/06/2023,Present
None,None,None,None,15:38:24,11/06/2023,Present
None,None,None,None,15:38:24,11/06/2023,Present
None,None,None,None,15:38:24,11/06/2023,Present
None,None,None,None,15:38:24,11/06/2023,Present
None,None,None,None,15:38:24,11/06/2023,Present
None,None,None,None,15:38:24,11/06/2023,Present
None,None,None,None,15:38:24,11/06/2023,Present
None,None,None,None,15:38:25,11/06/2023,Present
None,None,None,None,15:38:25,11/06/2023,Present
None,None,None,None,15:38:25,11/06/2023,Present
None,None,None,None,15:38:25,11/06/2023,Present
None,None,None,None,15:38:25,11/06/2023,Present
None,None,None,None,15:38:25,11/06/2023,Present
None,None,None,None,15:38:26,11/06/2023,Present
None,None,None,None,15:38:27,11/06/2023,Present
None,None,None,None,15:38:27,11/06/2023,Present
None,None,None,None,15:38:28,11/06/2023,Present
None,None,None,None,15:38:29,11/06/2023,Present
None,None,None,None,15:38:29,11/06/2023,Present
None,None,None,None,15:38:29,11/06/2023,Present
None,None,None,None,15:38:29,11/06/2023,Present
None,None,None,None,15:38:29,11/06/2023,Present
None,None,None,None,15:38:29,11/06/2023,Present
None,None,None,None,15:38:29,11/06/2023,Present
None,None,None,None,15:38:29,11/06/2023,Present
None,None,None,None,15:38:29,11/06/2023,Present
None,None,None,None,15:38:29,11/06/2023,Present
None,None,None,None,15:38:30,11/06/2023,Present
None,None,None,None,15:38:30,11/06/2023,Present
None,None,None,None,15:38:30,11/06/2023,Present
None,None,None,None,15:38:30,11/06/2023,Present
None,None,None,None,15:38:30,11/06/2023,Present
None,None,None,None,15:38:30,11/06/2023,Present
None,None,None,None,15:38:30,11/06/2023,Present
None,None,None,None,15:38:30,11/06/2023,Present
None,None,None,None,15:38:30,11/06/2023,Present
None,None,None,None,15:38:31,11/06/2023,Present
None,None,None,None,15:38:31,11/06/2023,Present
None,None,None,None,15:38:31,11/06/2023,Present
None,None,None,None,15:38:31,11/06/2023,Present
None,None,None,None,15:38:31,11/06/2023,Present
None,None,None,None,15:38:31,11/06/2023,Present
None,None,None,None,15:38:31,11/06/2023,Present
None,None,None,None,15:38:31,11/06/2023,Present
None,None,None,None,15:38:32,11/06/2023,Present
None,None,None,None,15:38:32,11/06/2023,Present
None,None,None,None,15:38:32,11/06/2023,Present
None,None,None,None,15:38:32,11/06/2023,Present
None,None,None,None,15:38:33,11/06/2023,Present
None,None,None,None,15:38:33,11/06/2023,Present
None,None,None,None,15:38:33,11/06/2023,Present
None,None,None,None,15:38:33,11/06/2023,Present
None,None,None,None,15:38:33,11/06/2023,Present
None,None,None,None,15:38:33,11/06/2023,Present
None,None,None,None,15:38:33,11/06/2023,Present
None,None,None,None,15:38:33,11/06/2023,Present
None,None,None,None,15:38:33,11/06/2023,Present
None,None,None,None,15:38:34,11/06/2023,Present
None,None,None,None,15:38:34,11/06/2023,Present
None,None,None,None,15:38:34,11/06/2023,Present
None,None,None,None,15:38:34,11/06/2023,Present
None,None,None,None,15:38:34,11/06/2023,Present
None,None,None,None,15:38:34,11/06/2023,Present
None,None,None,None,15:38:34,11/06/2023,Present
None,None,None,None,15:38:34,11/06/2023,Present
None,None,None,None,15:38:34,11/06/2023,Present
None,None,None,None,15:38:34,11/06/2023,Present
None,None,None,None,15:38:35,11/06/2023,Present
None,None,None,None,15:38:35,11/06/2023,Present
None,None,None,None,15:38:35,11/06/2023,Present
None,None,None,None,15:38:38,11/06/2023,Present
None,None,None,None,15:38:38,11/06/2023,Present
None,None,None,None,15:38:42,11/06/2023,Present
None,None,None,None,15:38:43,11/06/2023,Present
None,None,None,None,15:38:43,11/06/2023,Present
None,None,None,None,15:38:54,11/06/2023,Present
None,None,None,None,15:38:54,11/06/2023,Present
None,None,None,None,15:38:54,11/06/2023,Present
None,None,None,None,15:38:54,11/06/2023,Present
None,None,None,None,15:38:54,11/06/2023,Present
None,None,None,None,15:38:54,11/06/2023,Present
None,None,None,None,15:38:54,11/06/2023,Present
None,None,None,None,15:38:54,11/06/2023,Present
None,None,None,None,15:38:54,11/06/2023,Present
None,None,None,None,15:38:54,11/06/2023,Present
None,None,None,None,15:38:55,11/06/2023,Present
None,None,None,None,15:38:55,11/06/2023,Present
None,None,None,None,15:38:55,11/06/2023,Present
None,None,None,None,15:38:55,11/06/2023,Present
None,None,None,None,15:38:55,11/06/2023,Present
None,None,None,None,15:38:55,11/06/2023,Present
None,None,None,None,15:38:55,11/06/2023,Present
None,None,None,None,15:38:55,11/06/2023,Present
None,None,None,None,15:38:55,11/06/2023,Present
None,None,None,None,15:38:55,11/06/2023,Present
None,None,None,None,15:38:56,11/06/2023,Present
None,None,None,None,15:38:56,11/06/2023,Present
None,None,None,None,15:38:59,11/06/2023,Present
None,None,None,None,15:39:03,11/06/2023,Present
None,None,None,None,15:39:10,11/06/2023,Present
None,None,None,None,15:39:10,11/06/2023,Present
None,None,None,None,15:39:10,11/06/2023,Present
None,None,None,None,15:39:10,11/06/2023,Present
None,None,None,None,15:39:10,11/06/2023,Present
None,None,None,None,15:39:10,11/06/2023,Present
None,None,None,None,15:39:11,11/06/2023,Present
None,None,None,None,15:39:11,11/06/2023,Present
None,None,None,None,15:39:11,11/06/2023,Present
None,None,None,None,15:39:11,11/06/2023,Present
None,None,None,None,15:39:11,11/06/2023,Present
None,None,None,None,15:39:11,11/06/2023,Present
None,None,None,None,15:39:11,11/06/2023,Present
None,None,None,None,15:39:11,11/06/2023,Present
None,None,None,None,15:39:11,11/06/2023,Present
None,None,None,None,15:39:11,11/06/2023,Present
None,None,None,None,15:39:12,11/06/2023,Present
None,None,None,None,15:39:12,11/06/2023,Present
None,None,None,None,15:39:12,11/06/2023,Present
None,None,None,None,15:39:12,11/06/2023,Present
None,None,None,None,15:39:12,11/06/2023,Present
None,None,None,None,15:39:12,11/06/2023,Present
None,None,None,None,15:39:12,11/06/2023,Present
None,None,None,None,15:39:12,11/06/2023,Present
None,None,None,None,15:39:12,11/06/2023,Present
None,None,None,None,15:39:12,11/06/2023,Present
None,None,None,None,15:39:13,11/06/2023,Present
None,None,None,None,15:39:13,11/06/2023,Present
None,None,None,None,15:39:13,11/06/2023,Present
None,None,None,None,15:39:13,11/06/2023,Present
None,None,None,None,15:39:13,11/06/2023,Present
None,None,None,None,15:39:13,11/06/2023,Present
None,None,None,None,15:39:13,11/06/2023,Present
None,None,None,None,15:39:13,11/06/2023,Present
None,None,None,None,15:39:14,11/06/2023,Present
None,None,None,None,15:39:14,11/06/2023,Present
None,None,None,None,15:39:14,11/06/2023,Present
None,None,None,None,15:39:14,11/06/2023,Present
None,None,None,None,15:39:14,11/06/2023,Present
None,None,None,None,15:39:14,11/06/2023,Present
None,None,None,None,15:39:14,11/06/2023,Present
None,None,None,None,15:39:14,11/06/2023,Present
None,None,None,None,15:39:14,11/06/2023,Present
None,None,None,None,15:39:14,11/06/2023,Present
None,None,None,None,15:39:15,11/06/2023,Present
None,None,None,None,15:39:15,11/06/2023,Present
None,None,None,None,15:39:15,11/06/2023,Present
None,None,None,None,15:39:15,11/06/2023,Present
None,None,None,None,15:39:15,11/06/2023,Present
None,None,None,None,15:39:15,11/06/2023,Present
None,None,None,None,15:39:15,11/06/2023,Present
None,None,None,None,15:39:17,11/06/2023,Present
None,None,None,None,15:39:17,11/06/2023,Present
None,None,None,None,15:39:17,11/06/2023,Present
None,None,None,None,15:39:17,11/06/2023,Present
None,None,None,None,15:39:17,11/06/2023,Present
None,None,None,None,15:39:17,11/06/2023,Present
None,None,None,None,15:39:17,11/06/2023,Present
None,None,None,None,15:39:17,11/06/2023,Present
None,None,None,None,15:39:17,11/06/2023,Present
None,None,None,None,15:39:17,11/06/2023,Present
None,None,None,None,15:39:18,11/06/2023,Present
None,None,None,None,15:39:18,11/06/2023,Present
None,None,None,None,15:39:18,11/06/2023,Present
None,None,None,None,15:39:18,11/06/2023,Present
None,None,None,None,15:39:18,11/06/2023,Present
None,None,None,None,15:39:18,11/06/2023,Present
None,None,None,None,15:39:18,11/06/2023,Present
None,None,None,None,15:39:18,11/06/2023,Present
None,None,None,None,15:39:18,11/06/2023,Present
None,None,None,None,15:39:18,11/06/2023,Present
None,None,None,None,15:39:19,11/06/2023,Present
None,None,None,None,15:39:19,11/06/2023,Present
None,None,None,None,15:39:19,11/06/2023,Present
None,None,None,None,15:39:19,11/06/2023,Present
None,None,None,None,15:39:19,11/06/2023,Present
None,None,None,None,15:39:19,11/06/2023,Present
None,None,None,None,15:39:19,11/06/2023,Present
None,None,None,None,15:39:19,11/06/2023,Present
None,None,None,None,15:39:19,11/06/2023,Present
None,None,None,None,15:39:19,11/06/2023,Present
None,None,None,None,15:39:20,11/06/2023,Present
None,None,None,None,15:39:20,11/06/2023,Present
None,None,None,None,15:39:20,11/06/2023,Present
None,None,None,None,15:39:20,11/06/2023,Present
None,None,None,None,15:39:20,11/06/2023,Present
None,None,None,None,15:39:20,11/06/2023,Present
None,None,None,None,15:39:20,11/06/2023,Present
None,None,None,None,15:39:20,11/06/2023,Present
None,None,None,None,15:39:20,11/06/2023,Present
None,None,None,None,15:39:20,11/06/2023,Present
None,None,None,None,15:39:21,11/06/2023,Present
None,None,None,None,15:39:21,11/06/2023,Present
None,None,None,None,15:39:21,11/06/2023,Present
None,None,None,None,15:39:21,11/06/2023,Present
None,None,None,None,15:39:21,11/06/2023,Present
None,None,None,None,15:39:21,11/06/2023,Present
None,None,None,None,15:39:21,11/06/2023,Present
None,None,None,None,15:39:21,11/06/2023,Present
None,None,None,None,15:39:21,11/06/2023,Present
None,None,None,None,15:39:24,11/06/2023,Present
None,None,None,None,15:39:25,11/06/2023,Present
None,None,None,None,15:39:25,11/06/2023,Present
None,None,None,None,15:39:26,11/06/2023,Present
None,None,None,None,15:39:26,11/06/2023,Present
None,None,None,None,15:39:26,11/06/2023,Present
None,None,None,None,15:39:26,11/06/2023,Present
None,None,None,None,15:39:26,11/06/2023,Present
None,None,None,None,15:39:26,11/06/2023,Present
None,None,None,None,15:39:26,11/06/2023,Present
None,None,None,None,15:39:26,11/06/2023,Present
None,None,None,None,15:39:26,11/06/2023,Present
None,None,None,None,15:39:26,11/06/2023,Present
None,None,None,None,15:39:27,11/06/2023,Present
None,None,None,None,15:39:27,11/06/2023,Present
None,None,None,None,15:39:27,11/06/2023,Present
None,None,None,None,15:39:27,11/06/2023,Present
None,None,None,None,15:39:27,11/06/2023,Present
None,None,None,None,15:39:27,11/06/2023,Present
None,None,None,None,15:39:27,11/06/2023,Present
None,None,None,None,15:39:27,11/06/2023,Present
None,None,None,None,15:39:27,11/06/2023,Present
None,None,None,None,15:39:27,11/06/2023,Present
None,None,None,None,16:58:50,11/06/2023,Present
None,None,None,None,16:58:51,11/06/2023,Present
None,None,None,None,16:58:51,11/06/2023,Present
None,None,None,None,16:58:51,11/06/2023,Present
None,None,None,None,16:58:51,11/06/2023,Present
None,None,None,None,16:58:51,11/06/2023,Present
None,None,None,None,16:58:52,11/06/2023,Present
None,None,None,None,16:58:52,11/06/2023,Present
None,None,None,None,16:58:52,11/06/2023,Present
None,None,None,None,16:58:52,11/06/2023,Present
None,None,None,None,16:58:52,11/06/2023,Present
None,None,None,None,16:58:52,11/06/2023,Present
None,None,None,None,16:58:52,11/06/2023,Present
None,None,None,None,16:58:52,11/06/2023,Present
None,None,None,None,16:58:52,11/06/2023,Present
None,None,None,None,16:58:52,11/06/2023,Present
None,None,None,None,16:58:53,11/06/2023,Present
None,None,None,None,16:58:53,11/06/2023,Present
None,None,None,None,16:58:53,11/06/2023,Present
None,None,None,None,16:58:53,11/06/2023,Present
None,None,None,None,16:58:53,11/06/2023,Present
None,None,None,None,16:58:53,11/06/2023,Present
None,None,None,None,16:58:53,11/06/2023,Present
None,None,None,None,16:58:53,11/06/2023,Present
None,None,None,None,16:58:53,11/06/2023,Present
None,None,None,None,16:58:53,11/06/2023,Present
None,None,None,None,16:58:54,11/06/2023,Present
None,None,None,None,16:58:54,11/06/2023,Present
None,None,None,None,16:58:54,11/06/2023,Present
None,None,None,None,16:58:54,11/06/2023,Present
None,None,None,None,16:58:54,11/06/2023,Present
None,None,None,None,16:58:54,11/06/2023,Present
None,None,None,None,16:58:54,11/06/2023,Present
None,None,None,None,16:58:54,11/06/2023,Present
None,None,None,None,16:58:54,11/06/2023,Present
None,None,None,None,16:58:54,11/06/2023,Present
None,None,None,None,16:58:55,11/06/2023,Present
None,None,None,None,16:58:55,11/06/2023,Present
None,None,None,None,16:58:56,11/06/2023,Present
None,None,None,None,16:58:56,11/06/2023,Present
None,None,None,None,16:58:56,11/06/2023,Present
None,None,None,None,16:58:56,11/06/2023,Present
None,None,None,None,16:58:56,11/06/2023,Present
None,None,None,None,16:58:56,11/06/2023,Present
None,None,None,None,16:58:56,11/06/2023,Present
None,None,None,None,16:58:56,11/06/2023,Present
None,None,None,None,16:58:56,11/06/2023,Present
None,None,None,None,16:58:56,11/06/2023,Present
None,None,None,None,16:58:57,11/06/2023,Present
None,None,None,None,16:58:57,11/06/2023,Present
None,None,None,None,16:58:57,11/06/2023,Present
None,None,None,None,16:58:57,11/06/2023,Present
None,None,None,None,16:58:57,11/06/2023,Present
None,None,None,None,16:58:57,11/06/2023,Present
None,None,None,None,16:58:57,11/06/2023,Present
None,None,None,None,16:58:57,11/06/2023,Present
None,None,None,None,16:58:57,11/06/2023,Present
None,None,None,None,16:58:58,11/06/2023,Present
None,None,None,None,16:58:58,11/06/2023,Present
None,None,None,None,16:58:58,11/06/2023,Present
None,None,None,None,16:58:58,11/06/2023,Present
None,None,None,None,16:58:58,11/06/2023,Present
None,None,None,None,16:58:58,11/06/2023,Present
None,None,None,None,16:58:58,11/06/2023,Present
None,None,None,None,16:58:58,11/06/2023,Present
None,None,None,None,16:58:58,11/06/2023,Present
None,None,None,None,16:58:58,11/06/2023,Present
None,None,None,None,16:58:59,11/06/2023,Present
None,None,None,None,16:58:59,11/06/2023,Present
None,None,None,None,16:58:59,11/06/2023,Present
None,None,None,None,16:58:59,11/06/2023,Present
None,None,None,None,16:58:59,11/06/2023,Present
None,None,None,None,16:58:59,11/06/2023,Present
None,None,None,None,16:58:59,11/06/2023,Present
None,None,None,None,16:58:59,11/06/2023,Present
None,None,None,None,16:58:59,11/06/2023,Present
None,None,None,None,16:58:59,11/06/2023,Present
None,None,None,None,16:59:00,11/06/2023,Present
None,None,None,None,16:59:00,11/06/2023,Present
None,None,None,None,16:59:00,11/06/2023,Present
None,None,None,None,16:59:00,11/06/2023,Present
None,None,None,None,16:59:00,11/06/2023,Present
None,None,None,None,16:59:00,11/06/2023,Present
None,None,None,None,16:59:00,11/06/2023,Present
None,None,None,None,16:59:00,11/06/2023,Present
None,None,None,None,16:59:13,11/06/2023,Present
None,None,None,None,16:59:13,11/06/2023,Present
None,None,None,None,16:59:13,11/06/2023,Present
None,None,None,None,16:59:13,11/06/2023,Present
None,None,None,None,16:59:13,11/06/2023,Present
None,None,None,None,16:59:13,11/06/2023,Present
None,None,None,None,16:59:13,11/06/2023,Present
None,None,None,None,16:59:13,11/06/2023,Present
None,None,None,None,16:59:13,11/06/2023,Present
None,None,None,None,16:59:13,11/06/2023,Present
None,None,None,None,16:59:14,11/06/2023,Present
None,None,None,None,16:59:14,11/06/2023,Present
None,None,None,None,16:59:14,11/06/2023,Present
None,None,None,None,16:59:14,11/06/2023,Present
None,None,None,None,16:59:14,11/06/2023,Present
None,None,None,None,16:59:14,11/06/2023,Present
None,None,None,None,16:59:15,11/06/2023,Present
None,None,None,None,16:59:15,11/06/2023,Present
None,None,None,None,16:59:15,11/06/2023,Present
None,None,None,None,16:59:15,11/06/2023,Present
None,None,None,None,16:59:15,11/06/2023,Present
None,None,None,None,16:59:15,11/06/2023,Present
None,None,None,None,16:59:16,11/06/2023,Present
None,None,None,None,16:59:17,11/06/2023,Present
None,None,None,None,16:59:17,11/06/2023,Present
None,None,None,None,16:59:17,11/06/2023,Present
None,None,None,None,16:59:17,11/06/2023,Present
None,None,None,None,16:59:17,11/06/2023,Present
None,None,None,None,16:59:17,11/06/2023,Present
None,None,None,None,16:59:17,11/06/2023,Present
None,None,None,None,16:59:18,11/06/2023,Present
None,None,None,None,16:59:18,11/06/2023,Present
None,None,None,None,16:59:18,11/06/2023,Present
None,None,None,None,16:59:18,11/06/2023,Present
None,None,None,None,16:59:18,11/06/2023,Present
None,None,None,None,16:59:18,11/06/2023,Present
None,None,None,None,16:59:18,11/06/2023,Present
None,None,None,None,16:59:18,11/06/2023,Present
None,None,None,None,16:59:18,11/06/2023,Present
None,None,None,None,16:59:18,11/06/2023,Present
None,None,None,None,16:59:19,11/06/2023,Present
None,None,None,None,16:59:19,11/06/2023,Present
None,None,None,None,16:59:19,11/06/2023,Present
None,None,None,None,16:59:19,11/06/2023,Present
None,None,None,None,16:59:19,11/06/2023,Present
None,None,None,None,16:59:19,11/06/2023,Present
None,None,None,None,16:59:19,11/06/2023,Present
None,None,None,None,16:59:19,11/06/2023,Present
None,None,None,None,16:59:19,11/06/2023,Present
None,None,None,None,16:59:19,11/06/2023,Present
None,None,None,None,16:59:20,11/06/2023,Present
None,None,None,None,16:59:20,11/06/2023,Present
None,None,None,None,16:59:20,11/06/2023,Present
None,None,None,None,16:59:20,11/06/2023,Present
None,None,None,None,16:59:20,11/06/2023,Present
None,None,None,None,16:59:20,11/06/2023,Present
None,None,None,None,16:59:20,11/06/2023,Present
None,None,None,None,16:59:20,11/06/2023,Present
None,None,None,None,16:59:20,11/06/2023,Present
None,None,None,None,16:59:20,11/06/2023,Present
None,None,None,None,16:59:21,11/06/2023,Present
None,None,None,None,16:59:21,11/06/2023,Present
None,None,None,None,16:59:21,11/06/2023,Present
None,None,None,None,16:59:21,11/06/2023,Present
None,None,None,None,16:59:21,11/06/2023,Present
None,None,None,None,16:59:21,11/06/2023,Present
None,None,None,None,16:59:21,11/06/2023,Present
None,None,None,None,16:59:21,11/06/2023,Present
None,None,None,None,16:59:21,11/06/2023,Present
None,None,None,None,16:59:21,11/06/2023,Present
None,None,None,None,16:59:22,11/06/2023,Present
None,None,None,None,16:59:22,11/06/2023,Present
None,None,None,None,16:59:22,11/06/2023,Present
None,None,None,None,16:59:22,11/06/2023,Present
None,None,None,None,16:59:22,11/06/2023,Present
None,None,None,None,16:59:22,11/06/2023,Present
None,None,None,None,16:59:22,11/06/2023,Present
None,None,None,None,16:59:22,11/06/2023,Present
None,None,None,None,16:59:22,11/06/2023,Present
None,None,None,None,16:59:23,11/06/2023,Present
None,None,None,None,16:59:23,11/06/2023,Present
None,None,None,None,16:59:23,11/06/2023,Present
None,None,None,None,16:59:23,11/06/2023,Present
None,None,None,None,16:59:23,11/06/2023,Present
None,None,None,None,16:59:23,11/06/2023,Present
None,None,None,None,16:59:23,11/06/2023,Present
None,None,None,None,16:59:23,11/06/2023,Present
None,None,None,None,16:59:23,11/06/2023,Present
None,None,None,None,16:59:23,11/06/2023,Present
None,None,None,None,16:59:23,11/06/2023,Present
None,None,None,None,16:59:24,11/06/2023,Present
None,None,None,None,16:59:24,11/06/2023,Present
None,None,None,None,16:59:24,11/06/2023,Present
None,None,None,None,16:59:24,11/06/2023,Present
None,None,None,None,16:59:24,11/06/2023,Present
None,None,None,None,16:59:24,11/06/2023,Present
None,None,None,None,16:59:24,11/06/2023,Present
None,None,None,None,16:59:24,11/06/2023,Present
None,None,None,None,16:59:24,11/06/2023,Present
None,None,None,None,16:59:25,11/06/2023,Present
None,None,None,None,16:59:25,11/06/2023,Present
None,None,None,None,16:59:25,11/06/2023,Present
None,None,None,None,16:59:25,11/06/2023,Present
None,None,None,None,16:59:25,11/06/2023,Present
None,None,None,None,16:59:26,11/06/2023,Present
None,None,None,None,16:59:26,11/06/2023,Present
None,None,None,None,16:59:26,11/06/2023,Present
None,None,None,None,16:59:26,11/06/2023,Present
None,None,None,None,16:59:26,11/06/2023,Present
None,None,None,None,16:59:27,11/06/2023,Present
None,None,None,None,16:59:27,11/06/2023,Present
None,None,None,None,16:59:27,11/06/2023,Present
None,None,None,None,16:59:27,11/06/2023,Present
None,None,None,None,16:59:27,11/06/2023,Present
None,None,None,None,16:59:27,11/06/2023,Present
None,None,None,None,16:59:27,11/06/2023,Present
None,None,None,None,16:59:27,11/06/2023,Present
None,None,None,None,16:59:28,11/06/2023,Present
None,None,None,None,16:59:28,11/06/2023,Present
None,None,None,None,16:59:28,11/06/2023,Present
None,None,None,None,16:59:28,11/06/2023,Present
None,None,None,None,16:59:28,11/06/2023,Present
None,None,None,None,16:59:28,11/06/2023,Present
None,None,None,None,16:59:28,11/06/2023,Present
None,None,None,None,16:59:28,11/06/2023,Present
None,None,None,None,16:59:28,11/06/2023,Present
None,None,None,None,16:59:28,11/06/2023,Present
None,None,None,None,16:59:29,11/06/2023,Present
None,None,None,None,16:59:29,11/06/2023,Present
None,None,None,None,16:59:29,11/06/2023,Present
None,None,None,None,16:59:29,11/06/2023,Present
None,None,None,None,16:59:29,11/06/2023,Present
None,None,None,None,16:59:29,11/06/2023,Present
None,None,None,None,16:59:29,11/06/2023,Present
None,None,None,None,16:59:29,11/06/2023,Present
None,None,None,None,16:59:29,11/06/2023,Present
None,None,None,None,16:59:29,11/06/2023,Present
None,None,None,None,16:59:30,11/06/2023,Present
None,None,None,None,16:59:30,11/06/2023,Present
None,None,None,None,16:59:30,11/06/2023,Present
None,None,None,None,16:59:30,11/06/2023,Present
None,None,None,None,16:59:30,11/06/2023,Present
None,None,None,None,16:59:30,11/06/2023,Present
None,None,None,None,16:59:30,11/06/2023,Present
None,None,None,None,16:59:30,11/06/2023,Present
None,None,None,None,16:59:30,11/06/2023,Present
None,None,None,None,16:59:30,11/06/2023,Present
None,None,None,None,16:59:31,11/06/2023,Present
None,None,None,None,16:59:31,11/06/2023,Present
None,None,None,None,16:59:31,11/06/2023,Present
None,None,None,None,16:59:31,11/06/2023,Present
None,None,None,None,16:59:31,11/06/2023,Present
None,None,None,None,16:59:31,11/06/2023,Present
None,None,None,None,16:59:31,11/06/2023,Present
None,None,None,None,16:59:31,11/06/2023,Present
None,None,None,None,16:59:31,11/06/2023,Present
None,None,None,None,16:59:31,11/06/2023,Present
None,None,None,None,16:59:32,11/06/2023,Present
None,None,None,None,16:59:32,11/06/2023,Present
None,None,None,None,16:59:32,11/06/2023,Present
None,None,None,None,16:59:32,11/06/2023,Present
None,None,None,None,16:59:32,11/06/2023,Present
None,None,None,None,16:59:32,11/06/2023,Present
None,None,None,None,16:59:32,11/06/2023,Present
None,None,None,None,16:59:32,11/06/2023,Present
None,None,None,None,16:59:32,11/06/2023,Present
None,None,None,None,16:59:32,11/06/2023,Present
None,None,None,None,16:59:33,11/06/2023,Present
None,None,None,None,16:59:34,11/06/2023,Present
None,None,None,None,16:59:34,11/06/2023,Present
None,None,None,None,16:59:34,11/06/2023,Present
None,None,None,None,16:59:34,11/06/2023,Present
None,None,None,None,16:59:34,11/06/2023,Present
None,None,None,None,16:59:34,11/06/2023,Present
None,None,None,None,16:59:35,11/06/2023,Present
None,None,None,None,16:59:39,11/06/2023,Present
None,None,None,None,16:59:39,11/06/2023,Present
None,None,None,None,16:59:39,11/06/2023,Present
None,None,None,None,16:59:40,11/06/2023,Present
None,None,None,None,16:59:40,11/06/2023,Present
None,None,None,None,16:59:40,11/06/2023,Present
None,None,None,None,16:59:40,11/06/2023,Present
None,None,None,None,16:59:40,11/06/2023,Present
None,None,None,None,16:59:40,11/06/2023,Present
None,None,None,None,16:59:40,11/06/2023,Present
None,None,None,None,16:59:40,11/06/2023,Present
None,None,None,None,16:59:40,11/06/2023,Present
None,None,None,None,16:59:40,11/06/2023,Present
None,None,None,None,16:59:41,11/06/2023,Present
None,None,None,None,16:59:41,11/06/2023,Present
None,None,None,None,16:59:41,11/06/2023,Present
None,None,None,None,16:59:41,11/06/2023,Present
None,None,None,None,16:59:41,11/06/2023,Present
None,None,None,None,16:59:41,11/06/2023,Present
None,None,None,None,16:59:41,11/06/2023,Present
None,None,None,None,16:59:41,11/06/2023,Present
None,None,None,None,16:59:41,11/06/2023,Present
None,None,None,None,16:59:41,11/06/2023,Present
None,None,None,None,16:59:42,11/06/2023,Present
None,None,None,None,16:59:42,11/06/2023,Present
None,None,None,None,16:59:42,11/06/2023,Present
None,None,None,None,16:59:42,11/06/2023,Present
None,None,None,None,16:59:42,11/06/2023,Present
None,None,None,None,16:59:42,11/06/2023,Present
None,None,None,None,16:59:42,11/06/2023,Present
None,None,None,None,16:59:42,11/06/2023,Present
None,None,None,None,16:59:42,11/06/2023,Present
None,None,None,None,16:59:43,11/06/2023,Present
None,None,None,None,16:59:43,11/06/2023,Present
None,None,None,None,16:59:43,11/06/2023,Present
None,None,None,None,16:59:43,11/06/2023,Present
None,None,None,None,16:59:43,11/06/2023,Present
None,None,None,None,16:59:43,11/06/2023,Present
None,None,None,None,16:59:43,11/06/2023,Present
None,None,None,None,16:59:43,11/06/2023,Present
None,None,None,None,16:59:43,11/06/2023,Present
None,None,None,None,16:59:43,11/06/2023,Present
None,None,None,None,16:59:44,11/06/2023,Present
None,None,None,None,16:59:44,11/06/2023,Present
None,None,None,None,16:59:44,11/06/2023,Present
None,None,None,None,16:59:44,11/06/2023,Present
None,None,None,None,16:59:44,11/06/2023,Present
None,None,None,None,16:59:44,11/06/2023,Present
None,None,None,None,16:59:44,11/06/2023,Present
None,None,None,None,16:59:44,11/06/2023,Present
None,None,None,None,16:59:44,11/06/2023,Present
None,None,None,None,16:59:44,11/06/2023,Present
None,None,None,None,16:59:45,11/06/2023,Present
None,None,None,None,16:59:45,11/06/2023,Present
None,None,None,None,16:59:45,11/06/2023,Present
None,None,None,None,16:59:45,11/06/2023,Present
None,None,None,None,16:59:45,11/06/2023,Present
None,None,None,None,16:59:45,11/06/2023,Present
None,None,None,None,16:59:45,11/06/2023,Present
None,None,None,None,16:59:45,11/06/2023,Present
None,None,None,None,16:59:45,11/06/2023,Present
None,None,None,None,16:59:45,11/06/2023,Present
None,None,None,None,16:59:46,11/06/2023,Present
None,None,None,None,16:59:46,11/06/2023,Present
None,None,None,None,16:59:46,11/06/2023,Present
None,None,None,None,16:59:46,11/06/2023,Present
None,None,None,None,16:59:46,11/06/2023,Present
None,None,None,None,16:59:46,11/06/2023,Present
None,None,None,None,16:59:46,11/06/2023,Present
None,None,None,None,16:59:46,11/06/2023,Present
None,None,None,None,16:59:46,11/06/2023,Present
None,None,None,None,16:59:46,11/06/2023,Present
None,None,None,None,16:59:47,11/06/2023,Present
None,None,None,None,16:59:47,11/06/2023,Present
None,None,None,None,16:59:47,11/06/2023,Present
None,None,None,None,16:59:47,11/06/2023,Present
None,None,None,None,16:59:47,11/06/2023,Present
None,None,None,None,16:59:47,11/06/2023,Present
None,None,None,None,16:59:47,11/06/2023,Present
None,None,None,None,16:59:47,11/06/2023,Present
None,None,None,None,16:59:47,11/06/2023,Present
None,None,None,None,16:59:47,11/06/2023,Present
None,None,None,None,16:59:48,11/06/2023,Present
None,None,None,None,16:59:48,11/06/2023,Present
None,None,None,None,16:59:48,11/06/2023,Present
None,None,None,None,16:59:48,11/06/2023,Present
None,None,None,None,16:59:48,11/06/2023,Present
None,None,None,None,16:59:48,11/06/2023,Present
None,None,None,None,16:59:48,11/06/2023,Present
None,None,None,None,16:59:48,11/06/2023,Present
None,None,None,None,16:59:48,11/06/2023,Present
None,None,None,None,16:59:48,11/06/2023,Present
None,None,None,None,16:59:49,11/06/2023,Present
None,None,None,None,16:59:49,11/06/2023,Present
None,None,None,None,16:59:49,11/06/2023,Present
None,None,None,None,16:59:49,11/06/2023,Present
None,None,None,None,16:59:49,11/06/2023,Present
None,None,None,None,16:59:49,11/06/2023,Present
None,None,None,None,16:59:49,11/06/2023,Present
None,None,None,None,16:59:49,11/06/2023,Present
None,None,None,None,16:59:49,11/06/2023,Present
None,None,None,None,16:59:49,11/06/2023,Present
None,None,None,None,16:59:50,11/06/2023,Present
None,None,None,None,16:59:50,11/06/2023,Present
None,None,None,None,16:59:50,11/06/2023,Present
None,None,None,None,16:59:50,11/06/2023,Present
None,None,None,None,16:59:50,11/06/2023,Present
None,None,None,None,16:59:51,11/06/2023,Present
None,None,None,None,16:59:51,11/06/2023,Present
None,None,None,None,16:59:52,11/06/2023,Present
None,None,None,None,16:59:52,11/06/2023,Present
None,None,None,None,16:59:52,11/06/2023,Present
None,None,None,None,16:59:52,11/06/2023,Present
None,None,None,None,16:59:52,11/06/2023,Present
None,None,None,None,16:59:52,11/06/2023,Present
None,None,None,None,16:59:52,11/06/2023,Present
None,None,None,None,16:59:52,11/06/2023,Present
None,None,None,None,16:59:52,11/06/2023,Present
None,None,None,None,16:59:52,11/06/2023,Present
None,None,None,None,16:59:53,11/06/2023,Present
None,None,None,None,16:59:53,11/06/2023,Present
None,None,None,None,16:59:53,11/06/2023,Present
None,None,None,None,16:59:53,11/06/2023,Present
None,None,None,None,16:59:53,11/06/2023,Present
None,None,None,None,16:59:53,11/06/2023,Present
None,None,None,None,16:59:53,11/06/2023,Present
None,None,None,None,16:59:53,11/06/2023,Present
None,None,None,None,16:59:53,11/06/2023,Present
None,None,None,None,16:59:53,11/06/2023,Present
None,None,None,None,16:59:54,11/06/2023,Present
None,None,None,None,16:59:54,11/06/2023,Present
None,None,None,None,16:59:54,11/06/2023,Present
None,None,None,None,16:59:54,11/06/2023,Present
None,None,None,None,16:59:54,11/06/2023,Present
None,None,None,None,16:59:54,11/06/2023,Present
None,None,None,None,16:59:54,11/06/2023,Present
None,None,None,None,16:59:54,11/06/2023,Present
None,None,None,None,16:59:54,11/06/2023,Present
None,None,None,None,16:59:54,11/06/2023,Present
None,None,None,None,16:59:55,11/06/2023,Present
None,None,None,None,16:59:55,11/06/2023,Present
None,None,None,None,16:59:55,11/06/2023,Present
None,None,None,None,05:02:39,12/06/2023,Present
None,None,None,None,05:02:40,12/06/2023,Present
None,None,None,None,05:02:40,12/06/2023,Present
None,None,None,None,05:02:40,12/06/2023,Present
None,None,None,None,05:02:40,12/06/2023,Present
None,None,None,None,05:02:40,12/06/2023,Present
None,None,None,None,05:02:40,12/06/2023,Present
None,None,None,None,05:02:40,12/06/2023,Present
None,None,None,None,05:02:40,12/06/2023,Present
None,None,None,None,05:02:41,12/06/2023,Present
None,None,None,None,05:02:41,12/06/2023,Present
None,None,None,None,05:02:41,12/06/2023,Present
None,None,None,None,05:02:42,12/06/2023,Present
None,None,None,None,05:02:42,12/06/2023,Present
None,None,None,None,05:02:42,12/06/2023,Present
None,None,None,None,05:02:42,12/06/2023,Present
None,None,None,None,05:02:42,12/06/2023,Present
None,None,None,None,05:02:42,12/06/2023,Present
None,None,None,None,05:02:42,12/06/2023,Present
None,None,None,None,05:02:42,12/06/2023,Present
None,None,None,None,05:02:42,12/06/2023,Present
None,None,None,None,05:02:42,12/06/2023,Present
None,None,None,None,05:02:44,12/06/2023,Present
None,None,None,None,05:02:45,12/06/2023,Present
None,None,None,None,05:02:46,12/06/2023,Present
None,None,None,None,05:02:46,12/06/2023,Present
None,None,None,None,05:02:47,12/06/2023,Present
None,None,None,None,05:02:47,12/06/2023,Present
None,None,None,None,05:02:47,12/06/2023,Present
None,None,None,None,05:02:48,12/06/2023,Present
None,None,None,None,05:02:48,12/06/2023,Present
None,None,None,None,05:02:48,12/06/2023,Present
None,None,None,None,05:02:48,12/06/2023,Present
None,None,None,None,05:02:49,12/06/2023,Present
None,None,None,None,05:02:49,12/06/2023,Present
None,None,None,None,05:02:50,12/06/2023,Present
None,None,None,None,05:02:50,12/06/2023,Present
None,None,None,None,05:02:50,12/06/2023,Present
None,None,None,None,05:02:50,12/06/2023,Present
None,None,None,None,05:02:50,12/06/2023,Present
None,None,None,None,05:02:50,12/06/2023,Present
None,None,None,None,05:02:50,12/06/2023,Present
None,None,None,None,05:02:50,12/06/2023,Present
None,None,None,None,05:02:50,12/06/2023,Present
None,None,None,None,05:02:50,12/06/2023,Present
None,None,None,None,05:02:50,12/06/2023,Present
None,None,None,None,05:02:51,12/06/2023,Present
None,None,None,None,05:02:51,12/06/2023,Present
None,None,None,None,05:02:51,12/06/2023,Present
None,None,None,None,05:02:51,12/06/2023,Present
None,None,None,None,05:02:51,12/06/2023,Present
None,None,None,None,05:02:51,12/06/2023,Present
None,None,None,None,05:02:51,12/06/2023,Present
None,None,None,None,05:02:51,12/06/2023,Present
None,None,None,None,05:02:51,12/06/2023,Present
None,None,None,None,05:02:52,12/06/2023,Present
None,None,None,None,05:02:52,12/06/2023,Present
None,None,None,None,05:02:52,12/06/2023,Present
None,None,None,None,05:02:52,12/06/2023,Present
None,None,None,None,05:02:52,12/06/2023,Present
None,None,None,None,05:02:52,12/06/2023,Present
None,None,None,None,05:02:52,12/06/2023,Present
None,None,None,None,05:02:52,12/06/2023,Present
None,None,None,None,05:02:52,12/06/2023,Present
None,None,None,None,05:02:52,12/06/2023,Present
None,None,None,None,05:02:53,12/06/2023,Present
None,None,None,None,05:02:53,12/06/2023,Present
None,None,None,None,05:02:53,12/06/2023,Present
None,None,None,None,05:02:53,12/06/2023,Present
None,None,None,None,05:02:53,12/06/2023,Present
None,None,None,None,05:02:53,12/06/2023,Present
None,None,None,None,05:02:53,12/06/2023,Present
None,None,None,None,05:02:53,12/06/2023,Present
None,None,None,None,05:02:53,12/06/2023,Present
None,None,None,None,05:02:53,12/06/2023,Present
None,None,None,None,05:02:53,12/06/2023,Present
None,None,None,None,05:02:54,12/06/2023,Present
None,None,None,None,05:02:54,12/06/2023,Present
None,None,None,None,05:02:54,12/06/2023,Present
None,None,None,None,05:02:54,12/06/2023,Present
None,None,None,None,05:02:54,12/06/2023,Present
None,None,None,None,05:02:54,12/06/2023,Present
None,None,None,None,05:02:54,12/06/2023,Present
None,None,None,None,05:02:54,12/06/2023,Present
None,None,None,None,05:02:54,12/06/2023,Present
None,None,None,None,05:02:55,12/06/2023,Present
None,None,None,None,05:02:55,12/06/2023,Present
None,None,None,None,05:02:55,12/06/2023,Present
None,None,None,None,05:02:55,12/06/2023,Present
None,None,None,None,05:02:55,12/06/2023,Present
None,None,None,None,05:02:55,12/06/2023,Present
None,None,None,None,05:02:55,12/06/2023,Present
None,None,None,None,05:02:55,12/06/2023,Present
None,None,None,None,05:02:55,12/06/2023,Present
None,None,None,None,05:02:55,12/06/2023,Present
None,None,None,None,05:02:56,12/06/2023,Present
None,None,None,None,05:02:56,12/06/2023,Present
None,None,None,None,05:02:56,12/06/2023,Present
None,None,None,None,05:02:56,12/06/2023,Present
None,None,None,None,05:02:56,12/06/2023,Present
None,None,None,None,05:02:56,12/06/2023,Present
None,None,None,None,05:02:56,12/06/2023,Present
None,None,None,None,05:02:56,12/06/2023,Present
None,None,None,None,05:02:56,12/06/2023,Present
None,None,None,None,05:02:56,12/06/2023,Present
None,None,None,None,05:02:57,12/06/2023,Present
None,None,None,None,05:02:57,12/06/2023,Present
None,None,None,None,05:02:57,12/06/2023,Present
None,None,None,None,05:02:57,12/06/2023,Present
None,None,None,None,05:02:57,12/06/2023,Present
None,None,None,None,05:02:57,12/06/2023,Present
None,None,None,None,05:02:57,12/06/2023,Present
None,None,None,None,05:02:57,12/06/2023,Present
None,None,None,None,05:02:57,12/06/2023,Present
None,None,None,None,05:02:59,12/06/2023,Present
None,None,None,None,05:02:59,12/06/2023,Present
None,None,None,None,05:02:59,12/06/2023,Present
None,None,None,None,05:02:59,12/06/2023,Present
None,None,None,None,05:03:00,12/06/2023,Present
None,None,None,None,05:03:00,12/06/2023,Present
